INSERT INTO `brand` 
VALUES (1,'Chevrolet'),
(2,'Ford'),
(3,'Mitsubishi'),
(4,'Fiat'),
(5,'Nissan'),
(6,'Hyundai'),
(7,'Toyota'),
(8,'Volkswagen'),
(9,'Buick'),
(10,'Jeep'),
(11,'Chrysler'),
(12,'Cadillac'),
(13,'BMW'),
(14,'Mercedes-Benz'),
(15,'Renault'),
(16,'Suzuki'),
(17,'Kia'),
(18,'Dodge'),
(19,'Audi'),
(20,'Mazda');

INSERT INTO `model` 
VALUES (1,'Picanto',2018,17),
(2,'Spark',2010,1),
(3,'Aveo',2013,1),
(4,'Figo',2012,2),
(5,'Fiesta',2017,2),
(6,'Swift',2010,16),
(7,'Sunny',2010,5),
(8,'Accent',2010,6),
(9,'Yaris Sedan',2018,7),
(10,'Cruze',2014,1),
(11,'Focus',2017,2),
(12,'Corolla',2018,7),
(13,'Lancer',2014,3),
(14,'Mondeo',2017,2),
(15,'6',2017,20),
(16,'Passat',2010,8),
(17,'Fusion',2012,2),
(18,'Taurus',2018,2),
(19,'Charger',2018,18),
(20,'A6',2013,19),
(21,'5',2018,13),
(22,'7',2018,13),
(23,'Trax',2013,1),
(24,'Sportage',2017,17),
(25,'ASX',2015,3),
(26,'Duster',2015,15),
(27,'Edge',2018,2),
(28,'Pajero',2017,3),
(29,'Escape',2016,2),
(30,'Explorer',2018,2),
(31,'Tahoe',2015,1),
(32,'Land Cruiser',2017,7),
(33,'Wrangler',2017,10),
(34,'GLC 250',2017,14),
(35,'Camaro',2018,1),
(36,'CTS',2017,12),
(37,'SLK/SLC Convertible',2017,14),
(38,'S-Class 400',2017,14);

INSERT INTO `car_class` 
VALUES (1,'Small car'),
(2,'Medium car'),
(3,'Large car'),
(4,'Premium car'),
(5,'People carrier'),
(6,'SUV');

INSERT INTO `address`(street,building) 
VALUES('Nezavisimosty','4'),
('Kirova','18'),
('Privokzalnaya','3'),
('Esenina','76'),
('Kamenogorskaya','3'),
('Pobediteley','20'),
('Uzlesnaya','address_id58'),
('Akademika Kuprevicha','3A'),
('Tashkentskaya','19'),
('Mendeleeva','14'),
('Rokosovskogo','162'),
('Nezavisimosty','43');

INSERT INTO `permission`(description)
VALUES('Delete'),
('Update'),
('Insert'),
('Create');

INSERT INTO `role`(name)
VALUES('Admin'),
('Registered user'),
('Unregistered user');

INSERT INTO `user`(login, password, email, phone, first_name, last_name)
VALUES('admin','100f94dccd5b04bae5cadd4454dba67d','admin@mail.com','+375291111111', NULL, NULL),
('user1','cbc514797ed7ddd3145464e2a0bab413','user1@mail.com','+375299238272','Brian','Martin'),
('user2','97f72b86850c8ce03c975444899b501c','user2@mail.com','+375298918693','Warren','Hensley'),
('user3','bbe99f3df5be4e9efe445a3823c89219','user3@mail.com','+375297250847','Charles','Holmes'),
('user4','2328c9149354de239f48c58f0a1d44a6','user4@mail.com','+375299804074','Anthony','Hodge'),
('user5','ae002f8aba074b066dfce1af114e32f8','user5@mail.com','+375299692920','Robert','Jennings'),
('user6','68e3fdf9b09b3ecf77c1307aa99c768e','user6@mail.com','+375296971597','Leslie','Harrison'),
('user7','55b58d5130e02edc4acc1f3d91f5302a','user7@mail.com','+375292772245','Howard','Baker'),
('user8','1edbce7c12cf828adf4b55c9928d695d','user8@mail.com','+375295161385','Myra','Newman'),
('user9','ad892fc999d8ab4f5063d6f6b39fca53','user9@mail.com','+375291463519','Bethany','Gibson'),
('user10','cbc514797ed7ddd3145464e2a0bab413','user10@mail.com','+375299737345','Jasmin','Tate'),
('user11','97f72b86850c8ce03c975444899b501c','user11@mail.com','+375291278551','Ezra','Newton'),
('user12','bbe99f3df5be4e9efe445a3823c89219','user12@mail.com','+375296443569','Kenneth','Pierce'),
('user13','2328c9149354de239f48c58f0a1d44a6','user13@mail.com','+375296866559','Frank','Shepherd'),
('user14','ae002f8aba074b066dfce1af114e32f8','user14@mail.com','+375298515130','Moses','Bennett'),
('user15','68e3fdf9b09b3ecf77c1307aa99c768e','user15@mail.com','+375299475692','Charles','Garrett'),
('user16','55b58d5130e02edc4acc1f3d91f5302a','user16@mail.com','+375296664804','Oliver','Pearson'),
('user17','1edbce7c12cf828adf4b55c9928d695d','user17@mail.com','+375296190672','Paul','Maxwell'),
('user18','ad892fc999d8ab4f5063d6f6b39fca53','user18@mail.com','+375293704647','Edward','Sutton');

INSERT INTO `user_role`
VALUES(1,1),
(2,2),
(3,2),
(4,2),
(5,2),
(6,2),
(7,2),
(8,2),
(9,2),
(10,2),
(11,2),
(12,2),
(13,2),
(14,2),
(15,2),
(16,2),
(17,2),
(18,2),
(19,2);


INSERT INTO car(model_id, seats, doors, air_conditioning, automatic_gearbox, rental_value, color, fuel_consumption, engine_power, car_class_id) 
VALUES(1, 4, 4, true, true,2428.60, 'grey', NULL, NULL, 1),
(2, 4, 4, true, true,2501.60, 'white', NULL, NULL, 1),
(3, 5, 4, true, true,2466.60, 'black', NULL, NULL, 1),
(4, 5, 4, true, true,2484.60, 'white', NULL, NULL, 1),
(5, 5, 4, true, true,2368.60, 'black', NULL, NULL, 1),
(6, 4, 4, true, true,2758.60, 'white', NULL, NULL, 1),
(7, 5, 4, true, true,2598.60, 'white', NULL, NULL, 2),
(8, 5, 4, true, true,2643.60, 'grey', NULL, NULL, 2),
(9, 5, 4, true, true,2625.60, 'white', NULL, NULL, 2),
(10, 5, 4, true, true,2868.60, 'white', NULL, NULL, 2),
(11, 5, 4, true, true,2686.60, 'black', NULL, NULL, 1),
(12, 5, 4, true, true,2760.60, 'black', NULL, NULL, 2),
(13, 5, 4, true, true,3299.60,'grey',NULL, NULL, 2),
(14, 5, 4, true, true,2906.60, 'grey',NULL, NULL, 2),
(15, 5, 4, true, true,3487.60, 'grey',NULL, NULL, 3),
(16, 5, 4, true, true,3598.60, 'black',NULL, NULL, 3),
(17, 5, 4, true, true,3480.60,'white',NULL, NULL, 3),
(18, 5, 4, true, true,4500.60,  'grey',NULL, NULL, 3),
(19, 5, 4, true, true,4898.60, 'grey',NULL, NULL, 3),
(20, 5, 4, true, true,5301.60,  'grey', NULL, NULL, 3),
(21, 5, 4, true, true,13883.60,  'white', NULL, NULL, 4),
(22, 5, 4, true, true,15823.60, 'white', NULL, NULL, 4),
(23, 5, 4, true, true,4900.60,  'grey', NULL, NULL, 6),
(24, 5, 4, true, true,5000.60,  'grey', NULL, NULL, 6),
(25, 5, 4, true, true,5129.60, 'black', NULL, NULL, 6),
(26, 5, 4, true, true,6001.60,  'white', NULL, NULL, 6),
(27, 5, 4, true, true,6832.60,  'grey', NULL, NULL, 6),
(28, 5, 4, true, true,7999.60,  'grey', NULL, NULL, 6),
(29, 5, 4, true, true,7220.60, 'white', NULL, NULL, 6),
(30, 5, 4, true, true,8000.60,  'white', NULL, NULL, 6),
(31, 5, 4, true, true,7878.60, 'grey', NULL, NULL, 6);

INSERT INTO `order`(user_id, car_id, date_received, return_date, total_cost, address_id)
VALUES
(2, 4, '2018-07-05 23:00','2018-07-06 01:00',10000.00,1),
(6, 2, '2018-07-07 23:00','2018-07-09 01:00',3000.00,2),
(5, 6, '2018-07-10 23:00','2018-07-11 01:00',2344.00,3),
(4, 5, '2018-07-10 23:00','2018-07-12 01:00',7654.00,2),
(3, 5, '2018-07-11 23:00','2018-07-14 01:00',6543.00,1),
(11, 9, '2018-07-07 23:00','2018-07-15 01:00',3874.00,2),
(15, 10, '2018-07-17 23:00','2018-07-18 01:00',2138.00,2),
(12, 14, '2018-07-21 23:00','2018-07-22 01:00',2193.00,5),
(6, 13, '2018-07-12 23:00','2018-07-14 01:00',9457.00,5),
(8, 12, '2018-07-02 23:00','2018-07-04 01:00',7428.00,4),
(8, 11, '2018-07-21 23:00','2018-07-22 01:00',12332.00,3),
(9, 10, '2018-07-18 23:00','2018-07-19 01:00',6543.00,2),
(10, 8, '2018-07-12 23:00','2018-07-13 01:00',7326.00,1),
(7, 5, '2018-07-04 23:00','2018-07-06 01:00',4382.00,1),
(1, 3, '2018-07-05 23:00','2018-07-06 01:00',5743.00,1);

INSERT INTO `accident`(description, material_damage, date, order_id)
VALUES('2 damaged cars', 123222.00, '2018-07-08', 2),
('broken street light', 34333.00, '2018-07-11', 4),
('1 damaged car', 12333.00, '2018-07-13', 5);

SET FOREIGN_KEY_CHECKS=0;